archivo,contraste,correlacion,energia,homogeneidad,dissimilaridad,asm,entropia,varianza
image-1.bmp,95.73855462227556,0.9911550685521138,0.027345336152369726,0.24712343033093154,5.950508648183067,0.0007477674092860988,7.635645752986295,1.1177194522454819e-08
image-10.bmp,90.48606534653047,0.9916313524537937,0.023660616608838312,0.21683266134763196,6.265371079324568,0.0005598247783104354,7.827239104767473,8.30941756054589e-09
image-100.bmp,103.12409872874989,0.9904320220763934,0.024944522941783107,0.21757182285096724,6.4946997737695416,0.0006222292247931437,7.771063162371502,9.261633845987605e-09
image-101.bmp,69.18518941774755,0.993436734266737,0.04502224082950309,0.2951100303954115,5.200274270041713,0.002027002169309775,6.764323890241927,3.0696767887073904e-08
image-102.bmp,504.80450640915757,0.9530706416136523,0.017637948217842148,0.1323310853927201,15.324222742827395,0.00031109721733528104,8.490710705820977,4.5141361735959005e-09
image-103.bmp,146.16064478855174,0.9864583131491449,0.02424403755570819,0.20346570509920547,7.795234981281492,0.0005877733570025892,7.819218679324986,8.735879027406147e-09
image-104.bmp,66.85935830121876,0.9937464531958978,0.03401662154839673,0.27179414788753953,5.234811978998025,0.0011571305415668486,7.366422567835362,1.742358020789106e-08
image-105.bmp,109.25187132163876,0.9897235380032977,0.03359006155172581,0.24705332183584627,6.543949869531264,0.0011282922350487285,7.541895677041655,1.6983542571811347e-08
image-106.bmp,225.70025416537047,0.9790939389456585,0.024402343325771993,0.18681012392279375,9.510470301167974,0.0005954743597888489,7.891784628645202,8.853387004491408e-09
image-107.bmp,642.9604784488507,0.9405776305967253,0.015376801453249059,0.09780337677628376,18.1438478647781,0.00023644602293264238,8.701537575991502,3.375049344942357e-09
image-108.bmp,109.52042952042952,0.9897860891531985,0.02578611922977954,0.2219076206652471,6.742895114988139,0.0006649239449324062,7.853334219679336,9.91310357467508e-09
image-109.bmp,186.8991189921422,0.9823505581697528,0.032147830298091706,0.2026119815836553,8.678771795050862,0.0010334829928749032,7.676450746272107,1.5536868344305473e-08
image-11.bmp,79.58783519248637,0.9925302637188266,0.031238198413440332,0.24232048387004762,5.928937394053674,0.000975825040117466,7.461067273765197,1.4657077805404141e-08
image-110.bmp,384.2181314506896,0.9641118460719125,0.03136265367877718,0.2027273007578344,11.285376285376287,0.0009836160457749156,7.826244026950933,1.4775959117315907e-08
image-111.bmp,82.88097822981544,0.9921978485758692,0.03671879821106848,0.2812137569338096,5.712118037699433,0.001348270142065166,7.201744314615081,2.034013905338541e-08
image-112.bmp,120.41651376535096,0.9888301908133649,0.036164330697972695,0.24774206274060018,7.164780001989304,0.0013078588148323304,7.106390372993046,1.9723511135403906e-08
image-113.bmp,153.1748640818408,0.9854810243952243,0.03693263162213575,0.22569121738134046,8.046860814302674,0.0013640192785363818,7.247518497028782,2.058045180471621e-08
image-114.bmp,96.07128269918968,0.9909684054693944,0.033382625033411335,0.2502531708733613,6.302249395272652,0.0011143996541213414,7.459344012423767,1.677155860990664e-08
image-115.bmp,177.33345819392332,0.9834094150480718,0.027702258954245888,0.18156553313610002,8.67304302188023,0.0007674151511680964,7.833885468852301,1.147699527138666e-08
image-116.bmp,127.13443041350018,0.9880985131043836,0.030648468303823104,0.21032989090950874,7.1995229902206646,0.0009393286093704494,7.599375813317696,1.4100186467101274e-08
image-117.bmp,127.0347683836056,0.9879681491748521,0.037627624491014755,0.23529938507957152,7.2492026910631555,0.0014158381248368134,7.3620162283381205,2.137114464987661e-08
image-118.bmp,159.97106620362433,0.9850138885407274,0.030167730790186805,0.1994010305503821,8.304545560359514,0.000910091981029185,7.688197137202431,1.3654070922343216e-08
image-119.bmp,112.59845680775912,0.9893566621018669,0.04121841179491752,0.2593760660251855,6.76490655560423,0.0016989574708953954,7.1629640474696625,2.569120303089745e-08
image-12.bmp,223.01797992495665,0.9793838236268063,0.02114029063421039,0.17708750690843703,9.247507549833133,0.00044691188809888364,8.18216698468418,6.5865035863706e-09
image-120.bmp,244.54441121882985,0.9771431248633102,0.02772498499125398,0.1765639339298983,9.998943975688164,0.0007686747927652584,7.949055552370637,1.1496215876812106e-08
image-121.bmp,241.4325615255848,0.9773098955786788,0.03070368208828478,0.179896462635076,9.77864968562643,0.0009427160937784595,7.790749753829278,1.4151875377135611e-08
image-122.bmp,140.2734954827978,0.9866527736332196,0.03876600121872364,0.23254900428599604,7.482641203571435,0.0015028028504900826,7.341080258332207,2.269812105449803e-08
image-123.bmp,75.3751870263498,0.9929556949469539,0.03473536842256273,0.2807935728379906,5.5418949604996115,0.001206545819451168,7.299703405577716,1.817759750959271e-08
image-124.bmp,140.20037161897625,0.9867604643551301,0.03803789139103135,0.2397115395830054,7.499645522901336,0.0014468811814758971,7.233791443263312,2.1844824102987627e-08
image-125.bmp,171.1035157779344,0.9838770743605284,0.03305899638835859,0.2094090882996444,8.196299893974313,0.0010928972422055063,7.601665041388598,1.644345784214792e-08
image-126.bmp,163.97405650894024,0.9847786813081612,0.028137748515129745,0.21636695494720887,7.526272572784201,0.0007917328915006862,7.6882515685902355,1.1848054541598301e-08
image-127.bmp,208.18485292903898,0.9806578930715868,0.024523810998579375,0.1792837398179036,9.112389344947486,0.0006014173058940428,7.976710579438905,8.94406916552037e-09
image-128.bmp,61.24760489876768,0.994245815311127,0.03663866017943956,0.2973367313681737,4.9653183839230355,0.00134239141974445,7.243469830993653,2.025043686953659e-08
image-129.bmp,104.6858338253687,0.9901514245244804,0.03201593465174131,0.22638274215651968,6.695437509390998,0.00102502007162457,7.7679003955979935,1.5407734414094082e-08
image-13.bmp,128.87506957274402,0.987745591401097,0.04451916080223649,0.2426396857588209,7.445293073200053,0.00198195567853539,6.934134010067002,3.000941298634169e-08
image-130.bmp,308.11453525407023,0.9715731194044754,0.02166221736738064,0.18494247172572872,10.571550408759714,0.0004692516612716474,8.139098643377105,6.927381472917896e-09
image-131.bmp,246.6446340632387,0.9772307030313031,0.022173254702112538,0.19267168587624012,9.428932103350707,0.0004916532240847558,8.07991400692005,7.2692021945534635e-09
image-132.bmp,132.30871675057722,0.9876011419406714,0.02945318022806125,0.20215809256927836,7.650760697272324,0.0008674898255466581,7.583657553928142,1.3004013618227512e-08
image-133.bmp,123.30728402821427,0.9885841242135425,0.02269505617455293,0.20589274769914698,7.073155608039329,0.0005150655747661131,7.987967838006485,7.626446315057574e-09
image-134.bmp,169.56100286332847,0.9842079612747381,0.029789044033988528,0.2026828545876771,8.334757590571545,0.0008873871444589075,7.649025579856071,1.330762261041881e-08
image-135.bmp,891.5945120596282,0.9172400391714103,0.02664292684561469,0.14319690255587805,18.39842379377263,0.0007098455509007759,8.033808956731237,1.059855288449518e-08
image-136.bmp,74.61026777305848,0.9929853232504636,0.035532076820051245,0.28361834252905066,5.38135598600715,0.001262528483146023,7.45550428635658,1.903182516606938e-08
image-137.bmp,100.93927331136634,0.9904497181429769,0.03674185833769975,0.2534689127800076,6.340750898890433,0.0013499641541075966,7.245979336609312,2.036598762581019e-08
image-138.bmp,192.2873761710971,0.9819199463352395,0.030443015644846926,0.20135674221015995,8.481587295540784,0.0009267772015523947,7.801622536028933,1.3908667182768167e-08
image-139.bmp,94.4417356045263,0.9911531134169098,0.030403186255914774,0.25055521443559947,6.111625367439321,0.000924353734511845,7.652659438729223,1.3871688010396496e-08
image-14.bmp,196.71859174184758,0.9816819185110139,0.020974296015106385,0.1494336940340742,9.558971233389839,0.0004399210933293075,8.168573092865898,6.47983252360241e-09
image-140.bmp,388.2306492539051,0.9640108859533796,0.025598353039685457,0.16527358213834262,11.736417178277641,0.0006552756783443737,7.949633775238564,9.765882709989526e-09
image-141.bmp,201.93123355914054,0.981062522410516,0.03067175239558225,0.2018968600074929,9.039745876955179,0.0009407563950159056,7.773501761175413,1.4121972747091756e-08
image-142.bmp,482.89146017052997,0.9549265088198234,0.027226420108361286,0.16750714994076038,13.136694834369251,0.0007412779519169797,8.086836877118435,1.1078173261329338e-08
image-143.bmp,67.95844258634956,0.9936576551768775,0.02960336481819841,0.25252334410591526,5.390640111570345,0.0008763592085593474,7.735686938889977,1.3139349662732651e-08
image-144.bmp,594.9901423622354,0.9448246127526457,0.01499225945641533,0.09617386733004485,17.159741136485323,0.00022476784360847486,8.848243167066357,3.196854470000837e-09
image-145.bmp,119.02786930693911,0.9888514192585968,0.030908387247244342,0.19696215952335816,7.150867569472222,0.0009553284022256167,7.543223259348338,1.4344323931321968e-08
image-146.bmp,93.24122431099177,0.9911438087751482,0.04437336362552878,0.2810379586681574,6.047633256935584,0.0019689953994434005,7.023273343290557,2.98116548214859e-08
image-147.bmp,222.27850895292758,0.9792648119542807,0.028725982050255172,0.20000407520083863,8.987018731204778,0.0008251820447515824,7.825408412352694,1.2358448115372961e-08
image-148.bmp,95.00794240329124,0.9911391185719236,0.02933261283243316,0.24332817167341472,6.0352699422466864,0.0008604021755774226,7.685177709787217,1.2895864662398111e-08
image-149.bmp,182.61385063710645,0.983113156008228,0.02502254178364641,0.21908682314317504,8.107551526156179,0.0006261275973143305,7.918656886159753,9.321118289975439e-09
image-15.bmp,118.57113350136603,0.9888906434057368,0.027397474357210842,0.1921289177756604,7.413248343480902,0.0007506216011540257,7.69282154805059,1.122074603411141e-08
image-150.bmp,68.21502898247086,0.9935907502810774,0.03451142030209143,0.26702349674221587,5.361672454695712,0.0011910381312676083,7.367837806657643,1.7940968966752748e-08
image-151.bmp,44.18004685446546,0.9959083463803372,0.028904693708347355,0.30316000203720844,4.168648563997401,0.0008354813183733752,7.4982480377867775,1.2515602559064868e-08
image-152.bmp,52.18413974227928,0.9951119213782101,0.034023806623225565,0.27768783082163195,4.719681626658371,0.001157619417134648,7.292232691685325,1.743103985705792e-08
image-153.bmp,137.07428781847386,0.9873204624963097,0.024515662496795227,0.2082253152004262,7.430690733016314,0.0006010177076567721,7.868286695380327,8.937971780308107e-09
image-154.bmp,77.00720805371967,0.9927430507711352,0.041851954809107264,0.2803505362900449,5.690881155997435,0.0017515861213435566,7.086615072572444,2.6494252506730006e-08
image-155.bmp,108.1895214453354,0.9898070251795822,0.037102119711171194,0.24299265486271332,6.869300590230822,0.0013765672870620779,7.207378908486825,2.0771919219964262e-08
image-156.bmp,230.68473335915195,0.9784880188054066,0.027421032660731613,0.17894811733163557,9.328319863203584,0.00075191303218091,7.81459199887402,1.124045170773941e-08
image-157.bmp,87.4802053639263,0.9918676400348704,0.02755835032083118,0.23467854148185263,5.904198066988765,0.000759462672405656,7.765749074327757,1.135565007542658e-08
image-158.bmp,102.5199491246003,0.9904107291963244,0.031774988807302076,0.22258927098529052,6.675093698349513,0.001009649913704172,7.416579934548675,1.517320441652942e-08
image-159.bmp,105.7468589096496,0.9902143320174429,0.024511731894628956,0.24109426270594142,6.058176569804478,0.0006008250004741704,7.8410173914812065,8.935031302057958e-09
image-16.bmp,84.4480315410548,0.9921643401682115,0.028642261319978105,0.23041528397986366,6.061738271040597,0.000820379133521914,7.491524082463814,1.2285161506033537e-08
image-160.bmp,154.66026491607892,0.9854448112087331,0.034077085766307774,0.2168468569349331,8.031809822507498,0.0011612477743242957,7.622630080130602,1.7486404194058158e-08
image-161.bmp,141.74377548796153,0.9868152113158881,0.028032207906995562,0.21787286575184517,7.652077024170047,0.0007858046801410244,7.802864091348253,1.1757597214943306e-08
image-162.bmp,80.43244724640074,0.9924681306896502,0.031329363600040884,0.2418313305411308,5.883572790549535,0.0009815290235835666,7.561415607704481,1.4744113685929358e-08
image-163.bmp,137.3860922233015,0.9872086963460472,0.026688788872472877,0.20458186985604787,7.657297889856028,0.0007122914514794321,7.804217460183198,1.0635874365492746e-08
image-164.bmp,309.2034381104149,0.9712044759256845,0.024675389233106443,0.14691641886271323,11.507276832858228,0.0006088748338053053,8.110488901203215,9.057862010846028e-09
image-165.bmp,136.90081201709108,0.9871786067221289,0.02903865931123045,0.194244614316957,7.766633441052047,0.0008432437345937109,7.725903474046737,1.2634047630786299e-08
image-166.bmp,99.44502853805182,0.9906514325001748,0.036253256337319135,0.2469171862392266,6.465486628277326,0.00131429859505937,7.3679996897524,1.982177438349716e-08
image-167.bmp,183.66624341042944,0.9824919487677579,0.04243149564812381,0.21265741852148143,8.9527180457413,0.0018004318229367501,7.048513347598305,2.7239578763950363e-08
image-168.bmp,264.28600693716976,0.9753886098399247,0.029410003119371204,0.1912495997598637,9.75582347675371,0.0008649482834814239,7.748740188729386,1.2965232763960631e-08
image-169.bmp,189.09057048591933,0.9823932655904213,0.027193074707020752,0.1748615848757226,9.241253938928358,0.0007394633120216118,7.729272016919977,1.1050484053941528e-08
image-17.bmp,73.900037458177,0.9930883415368773,0.03087052357092781,0.2434111771624963,5.6164176861851285,0.0009529892255432094,7.520312115839058,1.4308630927745197e-08
image-170.bmp,84.1272223597805,0.9921193402935884,0.02932041604349885,0.22941871517831308,6.188040048505164,0.0008596867969638646,7.604851223968652,1.2884948851034006e-08
image-171.bmp,118.39938246914991,0.9889486817124508,0.028121044980371775,0.22390678967591635,7.017031830985319,0.0007907931707880926,7.671423874531113,1.1833715541467172e-08
image-172.bmp,79.90752062845085,0.9925486599734696,0.028025754379648073,0.23603715729753255,5.736228829252084,0.0007854429085483631,7.738701860383545,1.1752077018522084e-08
image-173.bmp,197.49030002518379,0.9816751858670814,0.01838368196055291,0.14819251767283254,9.619774108146203,0.00033795976242675854,8.352777089699526,4.924026082828652e-09
image-174.bmp,83.07024572140851,0.9922230999387576,0.031112057559785994,0.23561889614582923,6.02018085739016,0.0009679601256034369,7.46783181747762,1.4537068733839979e-08
image-175.bmp,170.773378029192,0.9839874087822191,0.029095153729355224,0.1929562204879906,8.698385489083163,0.0008465279705348132,7.603346464566087,1.2684161094243063e-08
image-176.bmp,618.2870841242935,0.9426234249151695,0.014105183978024865,0.08085214076496838,18.235129421175934,0.00019895621505392936,8.856846682662216,2.803000274527425e-09
image-177.bmp,75.56424077354309,0.9928967192041788,0.03604230115896092,0.27223994700852716,5.439739951367859,0.0012990474728332357,7.414101397127016,1.9589060726482173e-08
image-178.bmp,163.35839856770087,0.9844747798228258,0.039857610509310706,0.2152922162059108,8.423611772448982,0.0015886291155119154,7.260300817041532,2.4007725928488397e-08
image-179.bmp,291.74979630793587,0.9728638037806077,0.024781277773298093,0.16971703607610245,11.05337049523096,0.000614111728077358,7.968403394331208,9.137770675885895e-09
image-18.bmp,231.95794526027083,0.9785150371793644,0.02078407499500656,0.1511263777950951,10.023478023478024,0.0004319777733980569,8.153524559572997,6.358627080315505e-09
image-180.bmp,142.88096341584713,0.9864806272292065,0.033594462768400446,0.21115960510258883,7.79115479115479,0.0011285879286974437,7.456371707311715,1.698805449882421e-08
image-181.bmp,652.9754003474935,0.9392515819897217,0.01589947132873899,0.08689516040333514,18.51019518461379,0.0002527931885333931,8.64490168563317,3.6244872966139686e-09
image-182.bmp,91.56115100301146,0.9913867454667223,0.03240841089126278,0.2381595254906269,6.167880353926865,0.00105030509649692,7.518052918968577,1.579355327506134e-08
image-183.bmp,226.1479619154038,0.9785486101692547,0.03438920514076572,0.18159444799478464,9.915822799543731,0.0011826174302136672,7.478479056091004,1.7812479265612285e-08
image-184.bmp,641.9170756380059,0.9406153181688583,0.013842480380439429,0.08640942361667121,18.054540798726848,0.00019161426308285053,8.887513436466385,2.6909709780937276e-09
image-185.bmp,100.26628108023456,0.990628556157301,0.02833413713007671,0.21562289760402967,6.6168642215153834,0.0008028233269059916,7.74797669086288,1.2017281156059136e-08
image-186.bmp,165.5118035583152,0.9847306668231913,0.02373929409612341,0.20936027211643457,7.805534921813992,0.0005635540841822397,7.914505857513019,8.366322252193295e-09
image-187.bmp,111.92947916203732,0.9895593175360416,0.027118395738871776,0.21272149398950746,6.93079760521621,0.0007354073874500589,7.777744554794499,1.098859555645079e-08
image-188.bmp,226.81489734978103,0.9788955933163537,0.024363836350602727,0.18690222489899003,9.41073208515069,0.0005935965217189508,8.133965884144073,8.824733469489298e-09
image-189.bmp,136.8765403881683,0.987166402685065,0.03280289205774059,0.22841960047366314,7.645275296438088,0.0010760297273517806,7.303153378432747,1.6186079990986338e-08
image-19.bmp,103.31288794079492,0.9902559861522499,0.034897428150176116,0.23625233789997324,6.682244612477171,0.0012178304914967043,7.352605957973212,1.8349787939975037e-08
image-190.bmp,158.0976727255797,0.9852994637404465,0.032691833513007536,0.21058487646323704,8.202678365469064,0.0010687559784422025,7.371838053480978,1.6075091390681492e-08
image-191.bmp,82.56787442833954,0.9922892480112262,0.032703432607784265,0.27655099953182594,5.678574980900563,0.0010695145043318872,7.236154189472615,1.608666557723064e-08
image-192.bmp,28.740753438427852,0.997330161789121,0.03311775852400931,0.33469507269608734,3.520971288413149,0.0010967859296545917,7.248368483845368,1.6502794503663508e-08
image-193.bmp,118.69178692434507,0.9889623158721125,0.025474322043945796,0.20429356868175552,7.098117144628773,0.0006489410835986627,7.837689760221646,9.669224464968301e-09
image-194.bmp,98.94775536636001,0.9907083463342852,0.041832105891680044,0.26280977447861903,6.402520914148821,0.0017499250833327325,7.073211427834292,2.6468907078098033e-08
image-195.bmp,105.90504246318203,0.9900695624026477,0.04797380622162289,0.27700041037856415,6.655331864634192,0.0023014860833898225,6.6349531306983245,3.488506003307071e-08
image-196.bmp,96.22459457343179,0.9910415501342417,0.04162472258534766,0.2839138800316292,6.122052284842982,0.0017326175303071516,6.708012722803821,2.6204814777292664e-08
image-197.bmp,73.74044657765589,0.9931641201648137,0.02859792137890158,0.22947490758582917,5.624821438774927,0.0008178411071938359,7.475585013046885,1.2246434297658322e-08
image-198.bmp,78.04372448558497,0.992743231438788,0.031274249099627845,0.25729462023954347,5.64797990379386,0.0009780786567455731,7.384431747881192,1.4691465266160167e-08
image-199.bmp,88.30662163220303,0.9917765909814641,0.030812437819356837,0.24785488899861596,5.904274253111462,0.0009494063243717316,7.522103255158952,1.4253960194537839e-08
image-2.bmp,133.93253507206995,0.987212634254534,0.05066413692522965,0.2641542029278838,7.398212165654026,0.0025668547703784185,6.667204861374524,3.8934264851622285e-08
image-20.bmp,131.10990906339742,0.987634718002746,0.033592193570346755,0.20727954159029285,7.637946614690801,0.0011284354688676458,7.444533117687099,1.6985728146440826e-08
image-200.bmp,55.964675034442465,0.9947747090620782,0.03648450483543355,0.2870182806988617,4.785436599390087,0.001331119093086774,7.178011852568767,2.0078434814823516e-08
image-201.bmp,65.85235764305531,0.9938450729965261,0.03895536043870519,0.27357301009702006,5.252582392117276,0.0015175201069094373,7.069975142646876,2.2922688565779686e-08
image-202.bmp,95.39763018832785,0.9910777454267835,0.04137447471048076,0.26079006221745044,6.309315658152867,0.0017118471575682118,6.851005647567119,2.5887884040919675e-08
image-203.bmp,123.30399109468875,0.9884545004189921,0.04629606757810706,0.2620278008360098,7.126989568850035,0.0021433258731966554,6.659816762389352,3.247172674765252e-08
image-204.bmp,65.12851117502281,0.993922142518528,0.03521990465711891,0.28063443503878777,5.245139431185942,0.0012404416840565463,7.1735168401282055,1.869480735769724e-08
image-205.bmp,85.07355558518348,0.9920487174225391,0.032040635993746756,0.23881355333939397,6.036209571093292,0.0010266023548837803,7.413903062764153,1.5431878140583507e-08
image-206.bmp,141.33921236246815,0.9868448592859188,0.023469276260270778,0.1802284774303959,7.9221843407889905,0.0005508069281809094,8.034094680241543,8.17181608762222e-09
image-207.bmp,119.99544364660642,0.9887260470326493,0.049546398155384815,0.29587941618103053,7.078882264928777,0.0024548455701719194,6.442580516491146,3.722514009261199e-08
image-208.bmp,144.85084661828847,0.9865535608073597,0.02690718385464679,0.19801836531314115,7.843204726925657,0.0007239965429877649,7.758540756112206,1.0814479887775648e-08
image-209.bmp,55.360991012153804,0.9948747593436817,0.03198934040409432,0.2800792453851468,4.700872119476771,0.0010233178994890212,7.33616224177681,1.5381761328529684e-08
image-21.bmp,645.8797148099475,0.9401764966639277,0.015182125931512932,0.09228213839909917,18.121317935271428,0.00023049694780031743,8.69563848304735,3.284273662381246e-09
image-210.bmp,165.07452907452907,0.9847277729488807,0.02619156132764582,0.19783523773046524,8.102597311899638,0.000685997884779832,7.788505553887468,1.0234666377522768e-08
image-211.bmp,250.84910915143476,0.9764079238438578,0.034822019152341135,0.19410094132798628,10.450892753218335,0.001212573017846013,7.15334523164681,1.826956525853749e-08
image-212.bmp,112.38778313196919,0.9895152789769951,0.03637833337230657,0.2318663318443609,7.0247668387203275,0.0013233831389466743,6.986681167318601,1.9960393522402565e-08
image-213.bmp,92.98687270780295,0.9912967678100999,0.03457130498390407,0.26317509338844153,6.098402842588889,0.0011951751282901107,7.2442049210137505,1.8004094531671302e-08
image-214.bmp,78.48650764929833,0.9926917424833361,0.03439558067947707,0.2647824584623343,5.7261574470876795,0.001183055970278416,7.159234192591399,1.781917085595574e-08
image-215.bmp,83.59012712501084,0.9921864703491902,0.03937875811163115,0.2563687565601751,6.085726318284458,0.0015506865904143558,6.85660277873913,2.342876894152612e-08
image-216.bmp,220.61945666596827,0.97939897028765,0.037395212054950465,0.22186818155526836,9.259348143069072,0.0013984018846347128,6.987184217837006,2.1105088738589672e-08
image-217.bmp,83.64216859565697,0.992219264422879,0.030808468694032136,0.22630370087252402,6.0645656227051585,0.0009491617432711582,7.3703615495278,1.4250228183115512e-08
image-218.bmp,266.4236858422905,0.975142984508362,0.036667065316107805,0.2182708409528333,10.284730819614543,0.0013444736788957158,7.016297909873337,2.0282209622699216e-08
image-219.bmp,101.43820988007035,0.9905717641225708,0.020625952667492186,0.2020336262162233,6.694798392472811,0.000425429923441628,8.09485433855309,6.2587148190174564e-09
image-22.bmp,104.05342128597944,0.9902966146912416,0.028212703678567083,0.2155270652322019,6.508976206650625,0.0007959566488546327,7.655308283348313,1.1912503964113353e-08
image-220.bmp,113.35602410021016,0.9894925478158858,0.019915713500991753,0.17296102831048482,7.329231980394772,0.0003966356442535852,8.213165941175092,5.819348986680377e-09
image-221.bmp,106.15337747895889,0.9900939714282057,0.023053973961678274,0.18855586233094368,7.12679910354329,0.0005314857154257399,7.939390121634645,7.876997777759397e-09
image-222.bmp,87.72625267974105,0.9918888354384574,0.021259054437398506,0.18932845371781132,6.555771416236532,0.00045194739557227314,8.083160816531233,6.663339332729694e-09
image-223.bmp,142.1418458627761,0.9866877916435887,0.023757005079698267,0.17908479843540281,8.121195190962633,0.0005643952903568092,7.929204053003031,8.379158039769121e-09
image-224.bmp,172.00887356701313,0.9840832893453031,0.019518474859515977,0.14812181715821185,9.17718775858311,0.0003809708608415572,8.28706620404072,5.580323360886491e-09
image-225.bmp,103.11918684011708,0.9903806669046642,0.02370501517573343,0.2132934562742047,6.918118964630592,0.0005619277444817523,7.798875220657384,8.341506277759588e-09
image-226.bmp,236.77070516605397,0.9780462512177976,0.01791721717336276,0.1261902746944748,10.87761969157318,0.0003210266712374454,8.42292135213952,4.665647616194846e-09
image-227.bmp,105.53118446141703,0.9901758367498793,0.02315292084152245,0.19659536483670917,7.071968374293957,0.0005360577434938045,7.850189019437272,7.946761389637822e-09
image-228.bmp,113.91506093831674,0.9894655885594431,0.020129490173752262,0.18195589199282142,7.108398038630597,0.00040519637465518885,8.232493238078828,5.949975366099378e-09
image-229.bmp,149.54793271072344,0.9861451970161884,0.020713008835107183,0.18976631188512433,8.036823292637248,0.00042902873500322823,8.143508544496505,6.3136283255115985e-09
image-23.bmp,683.9429746871608,0.9366258493921064,0.01382864650813466,0.07699174346872159,19.222702618051457,0.0001912314642469449,8.850523590266189,2.6851299314032736e-09
image-230.bmp,138.18444448677005,0.9872070329529608,0.01802593257329449,0.14979769513870297,8.34482897273595,0.00032493424513695926,8.373650729533821,4.725272462073658e-09
image-231.bmp,82.71036575687738,0.9922956067070634,0.022277232911684066,0.20614244021956243,6.251640646989484,0.0004962751062014197,8.04601282609192,7.33972651884338e-09
image-232.bmp,82.79542544658824,0.9923315458796333,0.018038549149601468,0.17828452159701907,6.459000226442087,0.00032538925542258785,8.32621049084442,4.732215368043333e-09
image-233.bmp,80.56680359005941,0.992487402978086,0.022467831831056516,0.20722227835114185,6.192154099130844,0.0005048034671886364,8.065223531841864,7.46985898019617e-09
image-234.bmp,135.45737068992884,0.9874287529436926,0.017997436713703248,0.146842534830129,8.360586802447271,0.00032390772826375357,8.375684490984252,4.709609057636315e-09
image-235.bmp,136.45475496638286,0.9872599484127542,0.02137421184904785,0.16540163627955215,8.111472995193926,0.00045685693216797747,8.157922997367303,6.73825291603817e-09
image-236.bmp,90.55497781079177,0.991634416108059,0.022295084467600732,0.18812508643704667,6.685467708723523,0.0004970707914174514,8.039716860891973,7.3518677117149564e-09
image-237.bmp,73.9940871103662,0.9931194743459181,0.024897569400225944,0.23154508009247088,5.902621437505158,0.0006198889620390673,7.700935096768374,9.225924270272328e-09
image-238.bmp,150.6066383508244,0.9860329546192997,0.019438513868878265,0.14154955026269148,8.773274331413866,0.0003778558214305727,8.264351698847005,5.532791631592907e-09
image-239.bmp,121.94498515428747,0.9886468124431947,0.021485799595132606,0.1835031204296759,7.6444478304943395,0.0004616395842422005,8.056835229764516,6.811230395198069e-09
image-24.bmp,181.36714092528044,0.9829176071497485,0.04405026318067459,0.20847460755653974,9.160392951090625,0.0019404256862866956,6.795887829700431,2.937571559485162e-08
image-240.bmp,178.67335834777697,0.9834218277330864,0.017475093127321612,0.15468598951218898,8.73851441293302,0.00030537887980856306,8.53207871005429,4.426881267487532e-09
image-241.bmp,114.46060860014349,0.9893741370529385,0.019779991838509745,0.1843319874184436,7.217255310278565,0.0003912480771315121,8.264489537726357,5.737141236404603e-09
image-242.bmp,87.15051203423296,0.9919540042202246,0.021446554233345325,0.23001489677840686,5.58371902557949,0.00045995468848382236,8.118103532013366,6.785520926228673e-09
image-243.bmp,105.30369269904153,0.9901822739103647,0.021602134910839437,0.18625083812683557,7.049142165421236,0.0004666522327061079,8.134589505143273,6.887717340753296e-09
image-244.bmp,68.64199929316207,0.9936410364206669,0.019578322205020045,0.20297289839303378,5.856969019759717,0.000383310700363581,8.158984733748479,5.6160264785931545e-09
image-245.bmp,126.90222992548574,0.9881418052395895,0.02514584131225276,0.1802320317063557,7.886249886249886,0.0006323133353009977,7.804998302328004,9.41550516110989e-09
image-246.bmp,84.29475352731166,0.9921961149943107,0.02009663787415101,0.17544562755636764,6.677652282303445,0.0004038748538447608,8.144702278222764,5.929810558811354e-09
image-247.bmp,71.99539073957678,0.9933104399232701,0.021164313361629068,0.21067621450136353,5.859694789927348,0.0004479281600692307,8.098189611544283,6.602010665996258e-09
image-248.bmp,97.67573704783007,0.9909241097823518,0.019853994106311498,0.18080222278382627,6.959955727397587,0.00039418108197345175,8.205999882044761,5.781895338607052e-09
image-249.bmp,120.64425101634404,0.9887720706386953,0.021041497302023374,0.18438792505731322,7.530926275112322,0.00044274460871105694,8.11671459271102,6.522915949227248e-09
image-25.bmp,147.64240561914983,0.9862256842221964,0.02821931498080497,0.20849359296994407,7.593989338175386,0.0007963297379858838,7.7995912338952875,1.191819685246862e-08
image-250.bmp,103.48183490043957,0.9904125636091949,0.018412452433832424,0.17176732229024413,7.237319772203494,0.0003390184046281415,8.305397148870291,4.940179680872214e-09
image-251.bmp,96.70963987243057,0.9909942477108422,0.021987286630108828,0.19783144410598774,6.810379089448857,0.0004834407733545624,7.933305928188353,7.143890141175269e-09
image-252.bmp,143.97901283947795,0.9866097702761036,0.01956697882968836,0.16189196037596684,8.16142358002823,0.00038286666052147247,8.306226600186914,5.609250968307076e-09
image-253.bmp,127.7034349359931,0.9881148976740932,0.020445106342295155,0.1746488603751135,7.789876557318418,0.0004180023733477576,8.211903081502939,6.145379398883936e-09
image-254.bmp,138.3864625725091,0.9871519882338178,0.018325638316102042,0.16016308439134339,7.907484651670698,0.00033582901969258724,8.383442155758285,4.8915135289014785e-09
image-255.bmp,78.2805659782404,0.992719611758046,0.023607339972393164,0.22011007770776378,6.137327602443882,0.000557306500572152,7.79973321748509,8.270991691736632e-09
image-256.bmp,190.71615166964008,0.9821515147962666,0.045628094928385016,0.20902453020552522,9.22899855457995,0.0020819230467937146,6.760387435882796,3.153479397172873e-08
image-257.bmp,85.6558630512119,0.991993630518126,0.025691976617113522,0.2085537974485415,6.374145816006282,0.0006600776624943079,7.737176907923269,9.839155173214842e-09
image-258.bmp,138.65025702235005,0.9872068136762553,0.019826924093871785,0.201671884959435,7.10251054437101,0.00039310691902415344,8.245296524009964,5.765504912744956e-09
image-259.bmp,120.52535833931184,0.9887634662212578,0.022017102939046657,0.17450056945677525,7.679891307798284,0.00048475282182857695,8.084005763610937,7.163910412080031e-09
image-26.bmp,102.87721971442903,0.9903296450784259,0.030621492685819467,0.21880218317161712,6.716403507101184,0.0009376758143076951,7.601382436871398,1.4074966815875159e-08
image-260.bmp,118.43344613112055,0.9890029524078373,0.01794961424317128,0.16191081608951208,7.584783515016072,0.00032218865147865737,8.395830855372933,4.683378027590291e-09
image-261.bmp,62.43549045874627,0.9941871589012182,0.02273209679029836,0.22890946892190273,5.475740010623731,0.0005167482244834931,7.924365895173501,7.652121512161148e-09
image-262.bmp,107.63228344623693,0.9900477864522298,0.01878911459877987,0.18410349240236992,6.832379948659019,0.0003530308274060827,8.334918289516246,5.153992284295391e-09
image-263.bmp,85.55951300137347,0.9920406763961939,0.020976754511364815,0.19510687128303614,6.415138182580043,0.00044002422983006407,8.140370827236342,6.481406261712097e-09
image-264.bmp,72.02108027689424,0.993332566376005,0.019376555202255605,0.2059821441772715,5.836659069217209,0.0003754508915060587,8.224339961588674,5.496095313164653e-09
image-265.bmp,166.12081426034914,0.9845721243158821,0.01896818476667617,0.1574355974252034,8.85823243962779,0.00035979203334276583,8.363000421869954,5.257160099491362e-09
image-266.bmp,158.88649325858628,0.9853304926205676,0.01809119474900174,0.1734920344958754,7.829093363977085,0.00032729132744630814,8.426503004938699,4.761238683834962e-09
image-267.bmp,101.8170474914661,0.9904783581362475,0.02582183569960589,0.20191503965870267,7.027098980587351,0.0006667671988974411,7.728097465367393,9.941229398116167e-09
image-268.bmp,130.5631805166689,0.9878643553437695,0.01926865210755014,0.15814468811799023,7.9336418871302605,0.0003712809540417964,8.28154724974926,5.432467116993658e-09
image-269.bmp,124.64171359520199,0.9883801107189961,0.021353960438264555,0.17959080206222713,7.65141674444,0.00045599162639896774,8.176765947012465,6.725049397834286e-09
image-27.bmp,117.84192014424573,0.9889455004930796,0.03336121922403496,0.2263184930469295,7.000871907848651,0.00111297094811412,7.494178654243758,1.6749758286310123e-08
image-270.bmp,127.45705536403214,0.988158941220684,0.01851050037459552,0.15789781868035088,8.02314365105063,0.00034263862411790084,8.318401655750488,4.995419846426403e-09
image-271.bmp,100.48331418098861,0.990620095165599,0.022044172704238713,0.18723287120874346,7.034287987776359,0.00048594555021430315,8.031816081691327,7.18211000292668e-09
image-272.bmp,74.65572126037242,0.993085307723542,0.021396131488396242,0.20900325462004693,5.935474586637378,0.00045779444266874126,8.083273419795537,6.752558191013203e-09
image-273.bmp,63.26614987080105,0.9941090603869601,0.022733799853856318,0.22540617595671553,5.516641377106494,0.0005168256557951975,7.95456301296509,7.653303020213273e-09
image-274.bmp,123.30511695627975,0.9885794355593919,0.018277977075581438,0.16390048699213394,7.6694813206441115,0.00033408444597548057,8.375284113703264,4.8648934465481646e-09
image-275.bmp,82.9268888338656,0.9922863705659632,0.024015019845753098,0.20567332295347351,6.370835952231303,0.0005767211781919151,7.847376326976565,8.567236162253035e-09
image-276.bmp,99.58711142432074,0.9907851812918195,0.019748504614780327,0.17571173347945584,7.0316341711690535,0.00039000343451999983,8.21400867288293,5.7181494973373395e-09
image-277.bmp,97.52203366156854,0.9909205049435769,0.022058571569307243,0.19583673761380802,6.8046524325594095,0.0004865805796782498,8.009252486894884,7.191799783565519e-09
image-278.bmp,87.23767319116158,0.9919108355660197,0.018778431131989706,0.1818468004321231,6.596274921856316,0.00035262947577888013,8.30507700970442,5.147868144476016e-09
image-279.bmp,56.95332965100407,0.9947082188302212,0.02396207774928868,0.23911583776752296,5.173338243105685,0.0005741811700629557,7.792091040442699,8.528478713996211e-09
image-28.bmp,102.41053527100038,0.9903866689161601,0.0351809513114315,0.24657890758560375,6.512552721855048,0.0012376993351773137,7.263793965349713,1.8652962434613247e-08
image-280.bmp,75.99006194355033,0.992973988789919,0.018323572717629657,0.19903325565248273,6.009963451823918,0.0003357533171382619,8.3069473504254,4.890358399593533e-09
image-281.bmp,114.27304259862399,0.9893506557486996,0.021634129180445518,0.17691184616446687,7.478120826958035,0.0004680355453962042,8.120298499285866,6.9088250172989535e-09
image-282.bmp,113.26787675624884,0.989501008381582,0.017571728710417962,0.16636630143102413,7.377110725947935,0.0003087656498725269,8.453585911811256,4.478559277496749e-09
image-283.bmp,89.00557640092524,0.9917339583194202,0.02029501525730756,0.19962614817042534,6.382170754263778,0.0004118876442943467,8.186378360931167,6.052076038083597e-09
image-284.bmp,156.7253405625499,0.9854869501393505,0.016754022624918454,0.14884254710048514,8.631056003149025,0.0002806972741162795,8.56431390820837,4.050269852505179e-09
image-285.bmp,96.42054316472922,0.9909746420297315,0.026158371780280475,0.20075706475974672,6.917445987213429,0.000684260414195374,7.753357351258534,1.0208154680372224e-08
image-286.bmp,124.10258249793134,0.9884982119028474,0.01696236210409115,0.16058537841156917,7.752206752206752,0.0002877217281503076,8.48337478945274,4.157454514889642e-09
image-287.bmp,179.1095492955958,0.9833279097362717,0.022377962691368714,0.17007720835736484,9.106137850323897,0.00050077321421629,7.958969741968699,7.4083622002226255e-09
image-288.bmp,184.40557047533787,0.9829250014684592,0.016554779846656934,0.1520848598259261,8.95584590933428,0.00027406073577127855,8.582585874438356,3.949004313793619e-09
image-289.bmp,75.91644498621243,0.9929438793097614,0.023204694035560136,0.21321607665961323,6.050574887784189,0.0005384578252839601,7.843077333599194,7.983383731406557e-09
image-29.bmp,67.60008846055358,0.993679861675338,0.03370870024029952,0.26594793873063466,5.348598069528301,0.0011362764718903689,7.242931789307849,1.710537235760298e-08
image-290.bmp,161.7831298528973,0.9850774141207346,0.019023156820539084,0.18187257074060756,7.613590334520568,0.0003618804954188227,8.377011778195753,5.289027501774942e-09
image-291.bmp,180.29388373574423,0.9832334048935308,0.018438596166058824,0.1566746735365614,9.020851718526139,0.00033998182857499924,8.394367061062876,4.954880363655078e-09
image-292.bmp,192.33143502910946,0.982216361964929,0.016709760777734964,0.16057635750556087,8.930329907074093,0.0002792161052491298,8.570127625537081,4.0276690091954e-09
image-293.bmp,110.97271478666826,0.9896769880509801,0.020783434349707308,0.17912359894604418,7.280781838921374,0.0004319511433685936,8.193212929920225,6.358220738313194e-09
image-294.bmp,122.91857608136677,0.9886151276403492,0.01779094710229823,0.16305164776092435,7.7297932181653115,0.0003165177987967738,8.45284659513618,4.596847682712917e-09
image-295.bmp,57.8264056868708,0.9946234909120175,0.022991981429459036,0.23760103722826895,5.203321714949621,0.0005286312100525891,7.832417170324316,7.833441482392718e-09
image-296.bmp,139.05977647838114,0.9871396610697436,0.017264390713500274,0.16522249904578065,7.885976885976886,0.00029805918670839445,8.511155366535629,4.315191614469825e-09
image-297.bmp,81.37186023232535,0.9924316425986665,0.026089906626438262,0.22182611259153584,6.2214032214032216,0.0006806832277762671,7.613836925097741,1.0153571147365831e-08
image-298.bmp,186.99850167292027,0.9826275136574875,0.018672808241688058,0.14126736220138836,9.480408526920156,0.0003486737676308534,8.3654601619365,5.087508828252464e-09
image-299.bmp,156.28039667574552,0.9854256443785557,0.020633029124605594,0.18417804775238666,8.287206868602217,0.00042572189085682266,8.21471217362387,6.2631698882190364e-09
image-3.bmp,104.59067312555682,0.9901210963294786,0.037995009475718634,0.2521058503519259,6.507786856624064,0.001443620745059949,7.323015663542588,2.1795073791464983e-08
image-30.bmp,240.1221983082448,0.977674977970352,0.0237397273489732,0.15955494684254812,10.243558569139966,0.000563574654603586,7.880796646166962,8.366636131913544e-09
image-300.bmp,138.60463423254117,0.9871431284648461,0.017490844819625286,0.1507658718327315,8.249314853966016,0.0003059296525042127,8.450366150922806,4.435285391871837e-09
image-301.bmp,110.29186903605509,0.9897403094921564,0.02179867939165672,0.19953323006224483,7.078977497582149,0.0004751824232202393,8.018962799867593,7.017877718471364e-09
image-302.bmp,131.88797042285412,0.9877442260827515,0.0184043803848694,0.16315274147416603,7.892253775974707,0.0003387212173509656,8.398778814968077,4.935644962897731e-09
image-303.bmp,88.59235345281857,0.991740590177533,0.023095134630014585,0.20263127535678915,6.489447163865769,0.000533385243578499,7.995761827820841,7.905982277160628e-09
image-304.bmp,135.80178063898995,0.9874011539476707,0.01809827288357363,0.15766559310397746,8.182994834157626,0.0003275474813682966,8.374110784029382,4.765147282498118e-09
image-305.bmp,93.12694301066394,0.9913764938461372,0.019972932139974683,0.21225721909040127,6.20063403784334,0.00039891801826803363,8.196777238941994,5.8541752503285755e-09
image-306.bmp,123.24314166174634,0.9886052258096496,0.019216025976020682,0.1697467451056945,7.654186956512538,0.00036925565431110164,8.286499598939974,5.401563495614649e-09
image-307.bmp,109.12690491760262,0.9898493632852797,0.02122549565087604,0.19008470996340254,7.125042590158869,0.00045052166562535773,8.077908145001318,6.641584420209621e-09
image-308.bmp,149.28816766026068,0.9862133163970459,0.017638682097844548,0.16957799971045334,7.680060610293168,0.0003111231061488217,8.411947688300323,4.514531205540797e-09
image-309.bmp,141.2186795675168,0.9868598512227158,0.021515079759352813,0.18293285608789045,8.019002088769533,0.00046289865705131315,8.034076330341957,6.830442321606644e-09
image-31.bmp,76.75209670558507,0.992814315043202,0.03657592917594047,0.28004579177022776,5.567157009017474,0.0013377985950834132,7.137667629780682,2.018035592683278e-08
image-310.bmp,125.19696863882909,0.9883853131796604,0.020120956305713082,0.1682738857334784,7.865700795933353,0.0004048528826564151,8.170072088512937,5.9447340941454324e-09
image-311.bmp,150.78856234670187,0.9859569191504731,0.020748807215214254,0.17806083084918886,8.1141162303953,0.00043051300085412714,8.126028411688141,6.33627642504314e-09
image-312.bmp,145.2666768248164,0.9865338851232329,0.0207907584113108,0.16135168050968107,8.410107782200805,0.0004322556353174908,8.09375169580481,6.362866916732645e-09
image-313.bmp,101.1392809299786,0.9905871143578682,0.022243676345510763,0.20289447000697308,6.796485703462447,0.0004947811373638351,7.964934415213234,7.316930363484728e-09
image-314.bmp,154.25321516019187,0.9857177594965931,0.01858537235108095,0.15987972802946798,8.538599910692934,0.00034541606542832414,8.291007533156115,5.037800237515627e-09
image-315.bmp,125.04647141856444,0.9883615400310442,0.022610265790528862,0.1851001190813622,7.689202945016899,0.0005112241191183597,7.938239814925113,7.567830353635556e-09
image-316.bmp,84.1676644932459,0.9922246981002937,0.023133975691902467,0.21226148009936707,6.33018642320968,0.0005351808313135343,7.917569960772406,7.933380771652743e-09
image-317.bmp,12.799040054854009,0.998788518784754,0.0737104349899214,0.599110489458075,1.8246449409240109,0.005433228226403429,6.305784097886313,8.267165279145701e-08
image-318.bmp,6.4158196251219515,0.9993884701700251,0.08664043942947376,0.7166470545349435,1.1443240280449583,0.007506565744532312,5.862212145484995,1.1430827263595292e-07
image-319.bmp,28.93633802936129,0.997246238132786,0.0961300755379781,0.6199578268633011,2.5677072421258473,0.009240991422937375,5.593950225880435,1.4077350820731915e-07
image-32.bmp,238.1884167465563,0.9778263172675922,0.02358653661938964,0.1744122499226003,9.947842133888646,0.0005563247096978084,8.184547003688202,8.256010751881539e-09
image-320.bmp,27.013834130113203,0.9974569949330078,0.057755121625555836,0.5518454699585259,2.6337796570354715,0.0033356540739827474,6.286520714988185,5.066521125671762e-08
image-321.bmp,42.870073032863736,0.9959427155970857,0.09632918880235548,0.6178277968368489,3.0825265011311527,0.009279312615319849,5.432064706062297,1.4135824319850685e-07
image-322.bmp,12.073534422371631,0.9988700801092613,0.07989729621043629,0.693919705491544,1.5994493436353903,0.006383577941738197,5.660081785931579,9.71728386333572e-08
image-323.bmp,17.304297955460747,0.9983785882658288,0.06593973800665529,0.6034380501714013,2.174512779163942,0.004348049048386339,5.97432111448996,6.611313261907713e-08
image-324.bmp,12.030698774884822,0.9988535059746825,0.09442305327287491,0.6990036613107662,1.5597796528029086,0.008915712989372174,5.561644180976826,1.3581015320296746e-07
image-325.bmp,19.368093251814184,0.9981337309154372,0.08058853815441551,0.6308400033261707,1.9679023632512003,0.006494512481865685,6.145782089194391,9.886556538090798e-08
image-326.bmp,7.042185949162692,0.9993327495989411,0.08354286446830461,0.740769868077189,1.1212078886497492,0.006979410203569513,5.783505732366413,1.0626451743327351e-07
image-327.bmp,31.115709790128395,0.9970889018617949,0.053702143931147445,0.4831624856315505,2.9824264010310517,0.002883920262801676,6.554131994335694,4.377230031950648e-08
image-328.bmp,4.3928346951602775,0.9995892409127778,0.06741381739681528,0.7182284218117293,1.0007957217259547,0.0045446227760111545,5.987775203935552,6.911260966413351e-08
image-329.bmp,28.057158638553986,0.9973367366521265,0.0940283303500757,0.6110912975406884,2.604191929773325,0.008841326908422965,5.710622756841422,1.3467511168457741e-07
image-33.bmp,86.24746310792825,0.9919336210259148,0.033346137317849106,0.262868018305502,6.064726460075298,0.0011119648740208488,7.147343618745104,1.6734406813939638e-08
image-330.bmp,15.35366021412533,0.9985403744437817,0.08035586644812535,0.6215817562177337,1.9668442226581764,0.006457065272628958,5.958598613563072,9.829416631418542e-08
image-331.bmp,155.99087671180695,0.9853130532575636,0.04146351423709709,0.30239247070406305,7.60871019010554,0.001719223012889953,6.835801950394193,2.600043066142964e-08
image-332.bmp,88.80375301305533,0.9914996118793036,0.0693424306609725,0.3702411799664924,5.656838656838657,0.004808372689971778,6.46855085500236,7.313711396651118e-08
image-333.bmp,55.67898553945066,0.9947311928678028,0.057882081067044004,0.40532262287711845,4.456418363395108,0.003350335308651854,6.578261827968168,5.0889229119710594e-08
image-334.bmp,39.37450981637028,0.9962669966518694,0.06216460059357427,0.4615591640988935,3.660317823108521,0.0038644375669586143,6.3920708386487926,5.873380703576835e-08
image-335.bmp,30.4351666677248,0.9971426163776241,0.046870905573102827,0.4129314217331139,3.3942779989291614,0.0021968817892427214,6.84544086320384,3.328892517364842e-08
image-336.bmp,12.646564111680393,0.998799922629571,0.07123349187777019,0.5518832818914094,2.010126405475243,0.00507421036510035,6.3070593243054605,7.719347497616351e-08
image-337.bmp,3.4696493533702837,0.999671523344201,0.0881765296419724,0.8174726639987777,0.7211418606767444,0.007775100379701637,5.491236888980454,1.184057859899771e-07
image-338.bmp,15.842066167647564,0.998484285099775,0.09527239831540754,0.5931767625264496,2.0985001915234474,0.009076829880769669,5.819489517095971,1.3826860186320756e-07
image-339.bmp,6.620876690644132,0.9993711663989139,0.0801894213646745,0.7145588804142308,1.1036554524926616,0.006430343298801315,5.992627608331071,9.78864213522158e-08
image-34.bmp,87.47112228507577,0.991841052323471,0.034334395563195556,0.2470543969145816,6.057641150664406,0.0011788507186899825,7.286324792042079,1.7755003809013103e-08
image-340.bmp,16.27991839619747,0.9984759303627981,0.06231749553423533,0.5512163742903687,2.2587809797112133,0.0038834702496594407,6.235949674720413,5.902422272639372e-08
image-341.bmp,19.717201345108318,0.9981406246034444,0.07157167964766328,0.5460365226859125,2.3584557072929164,0.005122505327587739,6.133803064935776,7.793039762153991e-08
image-342.bmp,29.488437697740018,0.99718394430089,0.09828483302620983,0.6494137392893125,2.609237144120865,0.009659908402989947,5.3801991633846,1.4716567404064098e-07
image-343.bmp,74.7371218999126,0.9927699273525473,0.1140583680314345,0.5577887623469315,3.9893466405094316,0.01300931131799416,5.547991493815715,1.9827350660601287e-07
image-344.bmp,15.193500053965167,0.9985690570595581,0.07330752571662445,0.5631745353077502,2.1892103520010493,0.005373993326693556,6.006194185278941,8.176779995164577e-08
image-345.bmp,9.580290650058092,0.9990881737928717,0.08328284206413865,0.6230170789670297,1.5355440006602799,0.006936031782280263,6.32909252396337,1.0560261525295661e-07
image-346.bmp,31.77742012625733,0.9970059431541821,0.05275839404469467,0.43251908435206404,3.4123616216639467,0.002783448142175274,6.55963884526145,4.223921742420615e-08
image-347.bmp,8.233739024436698,0.9992224165824268,0.07257828642255211,0.6997561485538919,1.3518000029627937,0.0052676076600340115,5.899398867279914,8.014448350481434e-08
image-348.bmp,46.00902170669613,0.995647871896666,0.05925099719136808,0.4693797462721475,3.64130515293306,0.0035106806681715085,6.45335797043639,5.333590513777174e-08
image-349.bmp,103.8623253274416,0.9902451549751722,0.08463400331105214,0.5100613027949068,4.926201042480112,0.0071629145164551844,5.642617430954818,1.0906457103565499e-07
image-35.bmp,83.48105822524427,0.9921321236685153,0.04485118736953566,0.2747952284033216,5.936685099475797,0.002011629008457195,6.7710550516530725,3.04621920684005e-08
image-350.bmp,53.1439409811503,0.9950132837302756,0.0391960975288875,0.3618468087269949,4.455116850465688,0.0015363340614940612,6.993368628172863,2.320976673021791e-08
image-351.bmp,37.80099338238874,0.9964226709247784,0.04772334379620111,0.38229268998435373,3.806013201362039,0.0022775175430904075,6.9273447659819585,3.451932913250591e-08
image-352.bmp,12.543077961682613,0.9988110939481389,0.07246737163273356,0.5890914336142304,1.8733384547338034,0.005251519951356717,6.306947175294568,7.989900455160854e-08
image-353.bmp,76.83927690904434,0.9928560505384284,0.04601167642785375,0.34607361888721455,5.255862627955649,0.002117074367701512,6.624198753214076,3.207116056272908e-08
image-354.bmp,25.413129831734484,0.997606354070823,0.06769573446635722,0.5421063394505379,2.563307493540052,0.004582712464939546,6.370243378453454,6.96938121929481e-08
image-355.bmp,41.9188321513903,0.9959866811555158,0.08759981530472186,0.5503901122703316,3.295913249401622,0.007673727641421381,5.830421420072501,1.168589607598706e-07
image-356.bmp,33.63019679298749,0.9968153022354865,0.09213880164237737,0.5831214453931495,2.885185396813304,0.008489558768093363,5.65088732028412,1.293075558323801e-07
image-357.bmp,16.530562274748327,0.9984480965485439,0.053000213097237035,0.503652219633978,2.3151290825709436,0.002809022588352536,6.916011878498595,4.262945250381524e-08
image-358.bmp,14.586766470487401,0.9986134670414754,0.0791557571395785,0.5655357846351514,2.112245437826833,0.006265633888339932,6.168026274095125,9.537315520137683e-08
image-359.bmp,63.816531118856695,0.9940389570425642,0.035667890252024374,0.322462453081417,4.954146535541884,0.0012721983950304556,7.099193799440644,1.9179376311766904e-08
image-36.bmp,81.37433839759422,0.9924167113218264,0.03313053299983437,0.24999331267273756,5.969986900219458,0.0010976322168531143,7.4124608366778,1.651570782151206e-08
image-360.bmp,38.127207545812205,0.9964489074285784,0.03654647683029387,0.38785293484346606,3.7114048509397355,0.0013356449687072069,7.128262876601082,2.0147494196238807e-08
image-361.bmp,76.94090496416077,0.9928374830188778,0.04843022368545654,0.35710378427245515,5.167732214243842,0.0023454865662233555,6.832589131927485,3.5556454119275755e-08
image-362.bmp,23.906714325318976,0.9977689215348778,0.04865640374472774,0.4710031101107181,2.7907019069809773,0.002367445625369955,6.620816286218204,3.589152277080465e-08
image-363.bmp,55.99440455254408,0.9947398986431617,0.04698371272578458,0.36423634941407135,4.527753969614435,0.002207469261499052,6.780044284494227,3.345047717951282e-08
image-364.bmp,49.739172576381876,0.9953695065424387,0.035379825475835035,0.32726005712634215,4.2965841105376,0.001251732050700546,7.305832908203117,1.8867084680756313e-08
image-365.bmp,13.09047102070358,0.9987815999835256,0.04976460977338736,0.5419683234041219,1.99034340894806,0.0024765163858975208,6.723680861809253,3.7555810498581256e-08
image-366.bmp,37.276193741310024,0.9964909328944872,0.06852836036157046,0.49779052588981615,3.2666408480361966,0.004696136173845261,6.46111831505376,7.142452064182679e-08
image-367.bmp,28.956173932918116,0.9973187792030715,0.04166079214687049,0.4105176993551353,3.078558473907311,0.0017356216023047461,6.8710911333309,2.6250653278232515e-08
image-368.bmp,29.984369147159843,0.9972098848544689,0.049066749815999726,0.46044352987469733,2.976109301690697,0.002407545937505909,6.750667480337233,3.6503404975027595e-08
image-369.bmp,31.910891864380236,0.9970027994530366,0.08214583462985066,0.5701946099377969,2.793867863635305,0.006747938147034771,5.90536279531684,1.0273253414874681e-07
image-37.bmp,212.96657122238517,0.9794213230836886,0.0498975714654058,0.24623566151626844,9.021285556169277,0.002489767638145279,6.918904590754657,3.775800856144379e-08
image-370.bmp,35.761437970740296,0.9966699616505966,0.06204516272522775,0.5104675504510445,3.105014105014105,0.0038496022175999907,6.090535032122758,5.8507437569236607e-08
image-371.bmp,26.47036254012998,0.9975230631032377,0.05861079956390415,0.4821893755904549,2.7775026612235916,0.003435225825520147,6.628712466031061,5.218455561001047e-08
image-372.bmp,36.92739885763142,0.9965573694508856,0.04987419316242411,0.45354282328432566,3.272386551456319,0.002487435143602792,6.867847737010656,3.772241751923052e-08
image-373.bmp,29.623661716684975,0.9972255921640722,0.0622124754315496,0.4985920934453848,2.856497089055229,0.0038703920993211622,6.470358824177824,5.882466598905428e-08
image-374.bmp,40.897155083201596,0.9961661560270765,0.07470520740986135,0.5306010588789077,3.1862348606534656,0.005580868014150403,5.943736269091783,8.492445716992041e-08
image-375.bmp,24.274841437632134,0.9977331943707011,0.05123898096171642,0.47044025318149646,2.8260691981622217,0.0026254331699951373,6.615387256722157,3.982810029499262e-08
image-376.bmp,34.539044329742005,0.9967671853792471,0.06524027847915047,0.4993123036457885,3.0959394912883287,0.004256293936037104,6.193821065284093,6.471306071433418e-08
image-377.bmp,55.18572483688763,0.9948621401307796,0.032735840837843304,0.29820229358472267,4.627729209124558,0.0010716352753606093,7.476081138459382,1.6119025975007775e-08
image-378.bmp,32.92664757781037,0.9969176619732456,0.04659283502411831,0.42585245797788096,3.231586766470487,0.002170892275584706,6.717358015977033,3.289235666690378e-08
image-379.bmp,37.75727101308497,0.9964653679354537,0.04303107495831432,0.3705392836987376,3.6935116935116934,0.001851673412068066,6.975566592619828,2.802146336373239e-08
image-38.bmp,269.9375337282314,0.9743608524234572,0.046014231798108964,0.20216755612171117,10.819146842402656,0.002117309527970102,6.881122075161192,3.2074748823663375e-08
image-380.bmp,42.16334093078279,0.9960341771736936,0.07589362159037075,0.5474121899389752,3.3410937364425735,0.00575984179810239,5.809414642399065,8.765538038696121e-08
image-381.bmp,62.09348672139369,0.9942451494159523,0.0384850510560197,0.33648273533240186,4.718966323617487,0.0014810991547844433,7.1867833302258095,2.2366948939848992e-08
image-382.bmp,30.15499220150383,0.9972019577194141,0.045261541659746454,0.44684006113306984,3.011417336998732,0.0020486071534169636,6.8774150600943305,3.102643378226415e-08
image-383.bmp,86.54442603279813,0.9919917998819724,0.039522941156291284,0.34521974797409194,5.327742118439793,0.0015620628776436634,7.268092322758964,2.360235730867253e-08
image-384.bmp,42.07395132976528,0.9960674713294982,0.05070029705223143,0.39766001056798317,3.854040086598226,0.0025705201211845075,6.416980897391993,3.899019366641247e-08
image-385.bmp,71.5918476616151,0.9932594963433897,0.05315819626577438,0.36760912180300415,4.965170244240012,0.002825793830230589,6.44853370610409,4.288536134594862e-08
image-386.bmp,37.66317691899087,0.9964659972153999,0.04758452399641126,0.41325386219560195,3.5114141625769535,0.0022642869239650394,6.755452027670705,3.431744590610565e-08
image-387.bmp,26.57111868739776,0.9975168103422529,0.060240200066411495,0.49737424365739363,2.8204335413637738,0.003628881704041283,6.17677521074207,5.513950981107762e-08
image-388.bmp,30.170445286724355,0.997188643067441,0.05031054536465956,0.45419242980077934,3.07415660904033,0.0025311509748894676,6.558995635120524,3.8389468167525744e-08
image-389.bmp,33.962209566860736,0.9968412221908253,0.04488524489913792,0.4031514490522387,3.3758388409551205,0.0020146852096555867,6.779189427801407,3.050882599781932e-08
image-39.bmp,157.77346902928298,0.9848674541554393,0.05006526078036523,0.2843735887570897,7.770383491313725,0.002506530337005977,6.647851990442989,3.8013787047477375e-08
image-390.bmp,80.76081578407161,0.9924776529498781,0.052768746372031175,0.38372769712620997,5.029333773519819,0.002784540593675753,6.405226852189851,4.225588691121296e-08
image-391.bmp,112.77302249395274,0.9894711050153858,0.049473794432535564,0.3505822479151683,6.013802385895408,0.0024476563355527873,6.480013394787088,3.711544107803782e-08
image-392.bmp,67.63399128515407,0.9937295884057458,0.04900826811626715,0.4036811928069183,4.528230132881296,0.0024018103437559273,6.516465483124316,3.6415886759848445e-08
image-393.bmp,49.067386625526154,0.9954076512934388,0.06845273706045746,0.47392593754900797,3.762123645844576,0.004685777211068125,6.139063550473042,7.12664554139042e-08
image-394.bmp,48.426053960937686,0.9954855697145502,0.06291721573301143,0.46658795720292606,3.7424062540341603,0.0039585760355943,6.271088360984783,6.017024607134704e-08
image-395.bmp,82.78088659484011,0.992245093918807,0.05563167227264017,0.37799299358338245,5.2385324013231,0.003094882959850441,6.434135441658665,4.699133561382964e-08
image-396.bmp,54.23170316193571,0.9949175398173092,0.05498482362914603,0.4129995691899891,4.177424782075944,0.0030233308295282953,6.3321712492866205,4.589953675027153e-08
image-397.bmp,56.49765621858646,0.9947479694531965,0.04964451748100166,0.38156356002145275,4.330347260579819,0.0024645781159214797,6.6199509563639625,3.737364695524566e-08
image-398.bmp,63.32400476586524,0.9941137930402432,0.04290810743813907,0.3622644238656718,4.598386970479994,0.0018411056839228853,7.0169010129259375,2.786021262909524e-08
image-399.bmp,79.00793817072889,0.9926240113574978,0.05354042483118708,0.37443134517915744,5.127313359871501,0.002866577091103994,6.56701720341386,4.35076645208968e-08
image-4.bmp,190.11688220990547,0.982288206690618,0.028087708645163374,0.19872601133209228,8.730078916125427,0.0007889193769355853,7.861835824479854,1.1805123716325154e-08
image-40.bmp,156.59874250571926,0.9851471631586363,0.05065856716672128,0.2515364320758836,8.377692703274098,0.002566290427385211,6.4741771564010016,3.892565366093004e-08
image-400.bmp,62.0333864519911,0.9942451596391747,0.04095000783870306,0.33515039122017337,4.635612356542589,0.0016769031419898424,6.890618946085846,2.5354680678212622e-08
image-401.bmp,42.4773229889509,0.9960167588239898,0.056309077892835846,0.4512991384144528,3.5006676867141984,0.0031707122531414544,6.629163741777365,4.814839880491568e-08
image-402.bmp,83.97571990595247,0.9921278271566843,0.056160423337270976,0.3823229511755155,5.211970956157003,0.0031539931494214907,6.737440187542669,4.789328552793868e-08
image-403.bmp,82.50051743074998,0.9922064103489218,0.09173402602429591,0.5362563692055671,4.677218444660305,0.008415131530626199,5.566537818546177,1.2817188631536405e-07
image-404.bmp,65.75569649988256,0.9938602092212194,0.07008063698508055,0.4527260282149571,4.530098809168576,0.004911295680234639,5.866182757853754,7.470759416461391e-08
image-405.bmp,58.74123595053828,0.9944889389574032,0.050042266697748826,0.34869951202450694,4.748520190380655,0.002504228456248621,6.7062612587553465,3.797866313455386e-08
image-406.bmp,27.502667572435016,0.9974152435087825,0.057537327332175134,0.47436664833851594,3.004101352938562,0.003310544036529868,6.554709783746413,5.0282062491872674e-08
image-407.bmp,44.407413756250975,0.9958574316389522,0.049150770347908004,0.40666517882188724,3.8838838838838847,0.0024157982257927927,6.819306898404287,3.662932490128009e-08
image-408.bmp,42.74518916379382,0.9959864820403492,0.06254615151748144,0.47806534115322497,3.6156621738017085,0.003912021069647747,6.28592055846927,5.94598736661567e-08
image-409.bmp,25.202875179619365,0.9976311147523256,0.06217014492632237,0.4975456957314887,2.845210961490031,0.003865126920159927,6.45895168396304,5.874432573085673e-08
image-41.bmp,466.9015908085677,0.9564131548530421,0.028961573241569897,0.16041131140714984,13.438360136034557,0.0008387727246268174,7.851633428810839,1.2565825432805133e-08
image-410.bmp,31.95870500521663,0.9969929061305606,0.05763384088410337,0.4705043425374964,3.1051749423842443,0.0033216596150541454,6.556195512157189,5.045167275988228e-08
image-411.bmp,22.961733403593872,0.9978549071501491,0.05847854939055791,0.5129755181305307,2.694218531427834,0.003419740738823921,6.235236679074562,5.194827193849824e-08
image-412.bmp,77.64888567214147,0.9928176884259752,0.04444198734113569,0.37003080574891734,5.093137534997999,0.001975090238829665,7.010161698140893,2.990465469005074e-08
image-413.bmp,32.56698347396022,0.9969568997527058,0.04962540234973402,0.46579509374166894,3.1576121576121574,0.0024626805583729864,6.641121077834663,3.734469252487924e-08
image-414.bmp,54.195468195468194,0.9949054591466636,0.05592093165359476,0.394509585297648,4.255401278657093,0.0031271505970060167,6.625700895458902,4.748370068273189e-08
image-415.bmp,147.98865884912396,0.9861968270968273,0.030984752863188234,0.24656374825216293,7.526534991651272,0.0009600549099928515,7.382357777429621,1.441644471634447e-08
image-416.bmp,51.73404482706808,0.9951268858614228,0.05578523649196077,0.47708499311294256,3.7315772432051504,0.0031119926104639915,6.416418115931396,4.72524081634749e-08
image-417.bmp,74.71835048579236,0.9930332465277102,0.05533218159466757,0.41243478780896375,4.65741005275889,0.003061650320025269,6.385819303425828,4.6484245772747334e-08
image-418.bmp,43.608769445978744,0.995941858811348,0.05390797721137551,0.4324846203341889,3.6716737879528583,0.002906070007022181,6.48079743075633,4.411027859435548e-08
image-419.bmp,44.71685004243144,0.9957892591022254,0.060735572566645246,0.45770197739352503,3.8455093571372645,0.0036888097749982304,6.22916954236414,5.60539396047322e-08
image-42.bmp,98.42290281825166,0.990780420257943,0.030062695795564493,0.25521559490683143,6.114192416517998,0.0009037656784966511,7.636324361224122,1.3557539206453723e-08
image-420.bmp,46.20355450588008,0.99567340093095,0.051680824382321376,0.42456158707917774,3.80188856933043,0.002670907608836344,6.568239617627491,4.0521985165006156e-08
image-421.bmp,47.47160479718619,0.99552907608105,0.06832721503680059,0.46533687098378884,3.9303595350106977,0.004668608314685189,6.113088310151012,7.100447884556106e-08
image-422.bmp,84.59630031723054,0.9921409799064297,0.05553905740483782,0.38832659911912426,5.331030819402912,0.0030845868974178708,6.181499684825175,4.6834230168996746e-08
image-423.bmp,46.05778717406625,0.9957350682305731,0.04967144886921042,0.40821294071590053,3.9528323249253488,0.002467252832766585,6.38159816024308,3.741445989538702e-08
image-424.bmp,18.81843365564296,0.9982403585830246,0.06567671784083122,0.5770389487446361,2.1593178802481128,0.004313431266344157,6.252158154219465,6.558490718508391e-08
image-425.bmp,32.09471839704398,0.9969974363269548,0.06969636674761057,0.549468319418033,2.848419243768081,0.004857583537817437,6.189155074864161,7.388801191337489e-08
image-426.bmp,41.597212434421735,0.9961233644023773,0.04779620697934445,0.43188466483483745,3.517530215204634,0.0022844774016123346,6.617733634385719,3.462552814559685e-08
image-427.bmp,176.94936797262378,0.9834209074769958,0.0383676970676562,0.23808602947010554,8.60869325985605,0.0014720801782754339,6.9946308716249685,2.2229330279738374e-08
image-428.bmp,41.557712046084134,0.9960574029649072,0.06407820990705204,0.5270547720689681,3.2837298186135397,0.004106016984892222,6.152297373638751,6.24200164158588e-08
image-429.bmp,38.109731295777806,0.996403115878536,0.07810775339131654,0.5404925221877591,3.2809066995113505,0.006100821139838721,5.82585450279399,9.285831223718598e-08
image-43.bmp,66.49502356479101,0.9938599005295621,0.02620658557973632,0.281017543204299,4.939954753908243,0.0006867851277480436,7.732096498734796,1.0246678751915641e-08
image-430.bmp,21.883092394720304,0.9979355534528007,0.06390702298818528,0.5743977232567445,2.3204769251280877,0.004084107587212442,6.280718922954728,6.20857055381766e-08
image-431.bmp,36.92186689861109,0.9965247102821115,0.054349986274549955,0.47441036436870015,3.203082575175599,0.0029539210080437683,6.633418849410118,4.4840426925373344e-08
image-432.bmp,143.12178774969473,0.9867713539842488,0.02743808285380454,0.1967717056526601,8.07657763471717,0.0007528483906922426,7.540315026344473,1.125472414596165e-08
image-433.bmp,130.1094096210375,0.9879228168368007,0.024378223324178435,0.18008171694889222,7.876995388623296,0.0005942977724435175,7.80423933277887,8.835433706375387e-09
image-434.bmp,148.6799526799527,0.9862288076627934,0.023837659058680946,0.16378853060966445,8.639823756102828,0.0005682339893979138,7.749677951152042,8.437731938711753e-09
image-435.bmp,27.954557094091975,0.9973590891587247,0.059416712784274885,0.5037411485725641,2.863076607262654,0.003530345758089014,6.394538795300883,5.363597059671804e-08
image-436.bmp,160.2913209192279,0.98510847594831,0.02656747257875104,0.21929018749804474,8.116283302329814,0.0007058305992226884,7.5875636906453465,1.053728958374311e-08
image-437.bmp,42.394127742964955,0.9960289447450323,0.07267817305462138,0.5101489236627156,3.458160062811225,0.005282116838557492,6.0714395535530885,8.036587599937427e-08
image-438.bmp,104.46626118719144,0.9901766951704106,0.0366050646739998,0.3044422227609767,6.420977002372353,0.0013399307597877083,7.059988410935685,2.0212890178302128e-08
image-439.bmp,47.91081779453873,0.9954651898330992,0.05352191582751527,0.4775002870398989,3.583450257868863,0.0028645954738476293,6.5122909907508175,4.347742744117934e-08
image-44.bmp,152.03697778116384,0.9858318618334009,0.03214793917187683,0.21745621981266922,7.9193252449066405,0.0010334899929986927,7.437146761972957,1.5536975157717787e-08
image-440.bmp,42.067600369925955,0.9960809396228689,0.0823996474505514,0.573410198680613,3.1663862594095145,0.006789701899975161,5.669880317778216,1.0336979844532258e-07
image-441.bmp,33.73935880912625,0.9968158612413346,0.05544724389664576,0.4779568696050706,3.1232204720576813,0.00307439685573412,6.551395090299122,4.6678742472406316e-08
image-442.bmp,85.24953071464698,0.991969191771967,0.06568904845844022,0.41325834786815663,5.162534627650907,0.004315051087375307,6.2328411867896465,6.56096236925172e-08
image-443.bmp,24.679893424079477,0.997676527486667,0.05983128766438462,0.5101736135239997,2.646896367826601,0.0035797829835783434,6.530318673983543,5.4390322792294955e-08
image-444.bmp,59.026995282809246,0.9944165820514477,0.06829252319831812,0.44426950731714976,4.31613219985313,0.004663868724792818,6.223930832948983,7.09321584431506e-08
image-445.bmp,37.89415419647978,0.9964144321333904,0.07031572932240818,0.5484417010724689,3.1258467770095675,0.004944301790142173,6.000500819616915,7.521122743346668e-08
image-446.bmp,29.97773460564158,0.9972038165624153,0.047055726488198196,0.45115420743939083,3.13315641222618,0.0022142413953321173,6.59244450685534,3.355381174117459e-08
image-447.bmp,19.76195645963088,0.9981482273669254,0.050104322878123865,0.5035988079230865,2.4134917158172975,0.0025104431710752865,6.640330622948721,3.807349215717753e-08
image-448.bmp,91.57068061719227,0.9914739197434721,0.03762398520024574,0.3055590587926382,5.621852296270902,0.0014155642623483104,7.179165880870622,2.13669658399324e-08
image-449.bmp,82.5452175219617,0.9922787134505938,0.05996696622414326,0.4342208671819956,4.898103177172944,0.0035960370381275387,6.166733613667777,5.463833998207151e-08
image-45.bmp,112.30982568191871,0.9894528816343239,0.031372427551734104,0.2251701960987362,6.890080355196635,0.000984229210488805,7.508881219413453,1.4785315268345721e-08
image-450.bmp,53.047777164056235,0.9949360496593064,0.07913053194441401,0.5001587812226194,3.9888831749296862,0.006261641085805927,6.064587911371026,9.531222986974223e-08
image-451.bmp,65.9092136533997,0.993884500271182,0.03601055394466467,0.33847770973413704,4.6213507376298075,0.0012967599954016038,7.068581790431348,1.9554156590867672e-08
image-452.bmp,139.7219227684344,0.9869867465104167,0.026333665573881806,0.2075222948694374,7.835071858327672,0.0006934619425570477,7.641574845213922,1.0348558860695614e-08
image-453.bmp,202.17512015186435,0.9809363767082706,0.04073086709546665,0.31669452803775233,8.322718066904114,0.001659003534348568,6.828828533884788,2.5081554340912907e-08
image-454.bmp,28.07805268270385,0.9973544540948225,0.051021795430755634,0.473757636395187,3.011946407295244,0.002603223608977877,6.53948427712767,3.948920928825952e-08
image-455.bmp,49.82462377811215,0.9953635138585775,0.03776993812934888,0.35270897563261583,4.0825942221291065,0.0014265682262948423,7.0658337427852835,2.1534873004643894e-08
image-456.bmp,82.6121597284388,0.9922561823891247,0.06241613248375463,0.41025526556177105,4.917335940591755,0.00389577359422961,6.19073696623134,5.921195686595321e-08
image-457.bmp,74.61700601235486,0.993064947500671,0.03748433812539966,0.32008396518579096,4.923346179160134,0.0014050756046992908,7.057318682321936,2.1206921625317236e-08
image-458.bmp,63.810298670763785,0.9939234729324653,0.07643926014118421,0.46867263654076796,4.202238178982364,0.005842960490931633,6.187628482858467,8.892367098799337e-08
image-459.bmp,176.8211996351531,0.9832928236523953,0.03890231678304102,0.28387802011442465,8.36678750632239,0.001513390251088075,6.930814443633157,2.2859671966942976e-08
image-46.bmp,199.8642786549763,0.9811012088325115,0.0484195947771573,0.2227050408021372,9.481832784158364,0.0023444571583841186,6.65635329234068,3.5540746602197557e-08
image-460.bmp,62.84005993308319,0.9940622245542302,0.0752294026092092,0.5080103846860536,4.080475824661871,0.005659463016938491,5.941113190414612,8.612372173883045e-08
image-47.bmp,102.4786118041932,0.9903312911267407,0.03984559307669178,0.25640328441647897,6.400965447477076,0.0015876712876333081,7.153189338393248,2.3993110634930538e-08
image-48.bmp,157.1398459770553,0.9851855539459208,0.042272379727159214,0.221932979150276,8.296876157341277,0.0017869540877971414,7.004454860932349,2.70339248464148e-08
image-49.bmp,37.565792007652476,0.9964909742068933,0.03978437930583843,0.39636825929754016,3.5624906090022366,0.0015827968367508256,7.177802527480941,2.391873241711922e-08
image-5.bmp,129.64109564109563,0.9876631673014605,0.03845661089994987,0.2291352070649548,7.354686610500563,0.001478910921910143,7.2481336265169904,2.2333559156000415e-08
image-50.bmp,88.3362495688077,0.9916736757662749,0.06303655522288204,0.38168420288526694,5.28988396430257,0.003973607294367456,6.9777908406931495,6.039960487831049e-08
image-51.bmp,52.476357964730056,0.9950400201348767,0.06508993539206312,0.4307349550765944,3.924690017713273,0.004236699689342952,6.8954230007907755,6.44140762371895e-08
image-52.bmp,187.14070518721684,0.9823385556980935,0.034861619068977286,0.1972283565298888,9.203512180256368,0.0012153324841104808,7.370628275386404,1.831167137219209e-08
image-53.bmp,106.15905969394345,0.9900512685568582,0.03006098303428932,0.2349627510323834,6.802950942485828,0.0009036627009878303,7.517812533740255,1.3555967894368436e-08
image-54.bmp,54.20301697045883,0.9949258504036729,0.03674931316259709,0.2625345987765326,5.020515229817556,0.0013505120179226314,7.192096633192675,2.0374347364198782e-08
image-55.bmp,84.91137649277185,0.9921203779552001,0.02819833448382742,0.23015350179913352,6.0698245814524885,0.0007951460676618107,7.547182192585143,1.1900135476674052e-08
image-56.bmp,80.58082606919817,0.992458255588769,0.03247749724163715,0.26838397598011576,5.633642098758377,0.0010547878270805485,7.435927202935726,1.5861954315460946e-08
image-57.bmp,177.08149587219356,0.9832272951615241,0.04811055676039023,0.21850823348224882,9.099987937197241,0.00231462567179473,6.637151493487871,3.508555424090926e-08
image-58.bmp,75.92372287721126,0.9929095785991875,0.034029101235971804,0.2580312223314171,5.639370871929012,0.0011579797309280177,7.336646009655277,1.7436537809227253e-08
image-59.bmp,110.66653757351435,0.9894821602995095,0.04604996109220393,0.26328871354263766,6.883545278894116,0.002120598916593496,6.845333486701351,3.2124940910812304e-08
image-6.bmp,162.6434066201508,0.9847418491458813,0.029762679635746025,0.18963985711043305,8.331636075822122,0.0008858170991000512,7.8012275638136,1.3283665619469469e-08
image-60.bmp,110.17388001108931,0.9895650272710019,0.04459089948110508,0.260801310845684,6.816268699989631,0.0019883483165340178,6.815776584884791,3.010695690111568e-08
image-61.bmp,120.24113754346311,0.9887238380135942,0.04052833255232942,0.24227151302446007,7.201053061518175,0.0016425457394722042,6.932827915002614,2.483042832046059e-08
image-62.bmp,86.28719417091511,0.991850631787423,0.0404182959623365,0.2663961035378822,6.075773447866473,0.0016336386484990272,6.996274907020688,2.4694516898140376e-08
image-63.bmp,190.21286402681753,0.9820078641463117,0.03440646665519004,0.20412731262780553,9.109934458771669,0.001183804947694704,7.341231307940417,1.7830599344363462e-08
image-64.bmp,252.57914785821762,0.9762539315044246,0.0348709622847891,0.17373269289338342,10.831666761899319,0.001215984010667184,7.2178097746334835,1.832161287848944e-08
image-65.bmp,214.04314462453996,0.979780375670289,0.033379988699377486,0.1798660211254667,9.957803469431376,0.0011142236455705685,7.436305430409981,1.67688729325572e-08
image-66.bmp,211.21855259064563,0.980187617587702,0.03492279691703373,0.18678137084140198,9.903901787622718,0.0012196017445083806,7.166419629508477,1.837681511605653e-08
image-67.bmp,165.4495319844157,0.9843874877235723,0.03206701273538946,0.22701829293033549,8.22804411176504,0.0010282933057716298,7.504474646252458,1.5457680003496243e-08
image-68.bmp,121.59001496210796,0.9885130563867638,0.047935821986517906,0.263434494640944,7.217909241165056,0.0022978430295231334,6.570119473427733,3.482947144257559e-08
image-69.bmp,264.9746723467654,0.9751833502479719,0.031268597662180486,0.16558140458433857,10.981300539440072,0.0009777251997593191,7.46382573698052,1.4686071940564255e-08
image-7.bmp,213.98842605819348,0.9795875112863289,0.03650910294661945,0.1966528076172323,9.54435831180017,0.001332914597966857,7.549863168301465,2.0105832045049395e-08
image-70.bmp,204.8500868733427,0.9806725046157151,0.03556973903535656,0.2001642912439409,9.559180745227257,0.001265206335043368,7.230868043877445,1.907268594331159e-08
image-71.bmp,238.27969195411058,0.9775330217862475,0.03789395079786296,0.18556152499705944,10.55403818194516,0.0014359515070708588,7.081234727571871,2.1678050506719342e-08
image-72.bmp,232.60531144252076,0.9779043486459867,0.038732783273386744,0.19122921168043971,10.315059245291804,0.0015002285001031478,7.10211964971756,2.2658839584970813e-08
image-73.bmp,242.47160268090505,0.9770846198659611,0.03850413320481806,0.1743639207500504,10.735541037866618,0.0014825682738543726,7.0308871805036715,2.238936591784474e-08
image-74.bmp,180.73907099488497,0.9829684342675693,0.03938673222974444,0.22109093870915225,9.169099331890031,0.0015513146757375894,6.870470245318822,2.343835276298659e-08
image-75.bmp,114.13338073803192,0.9893308465429459,0.03381606697186449,0.2350006111522231,7.095539514144166,0.0011435263854456244,7.2074203398425105,1.721599725926398e-08
image-76.bmp,144.11629388373578,0.9864245869112406,0.04041308235979427,0.22369879712759486,8.12050105073361,0.0016332172258195143,6.964693379166054,2.4688086498367518e-08
image-77.bmp,571.8815665559852,0.9469998451108376,0.016005153737961072,0.09082176030282674,17.35693198483896,0.00025616494617576927,8.589580196999,3.6759362352488593e-09
image-78.bmp,183.72302958349468,0.9826591835890579,0.03137511027677125,0.19701462341994289,8.933102235427818,0.000984397544879557,7.56423853420867,1.4787883847306167e-08
image-79.bmp,51.41842053469962,0.9952211140189435,0.03584137037471542,0.31876706106728897,4.473780334245451,0.0012846038303375284,7.18444491139121,1.9368668232346008e-08
image-8.bmp,215.28529375041,0.9798307795472997,0.027250857777540754,0.17157078856333968,9.556190439911372,0.0007426092496117533,7.839274212451619,1.1098487252033285e-08
image-80.bmp,184.88580335091956,0.9827553943075523,0.029698880563797752,0.21022204362134797,8.331739773600237,0.0008820235067427239,7.752116385306005,1.3225779993899907e-08
image-81.bmp,129.9796286773031,0.987721555265907,0.0369656902957027,0.2271377558501629,7.48252269182502,0.0013664622590378087,7.301498827983444,2.0617728728871278e-08
image-82.bmp,222.8173035614896,0.9792303509787444,0.02628817303082229,0.1805967934630573,9.52710850385269,0.0006910680412984525,8.040137337426945,1.0312030826354257e-08
image-83.bmp,100.27296429622012,0.9905169532684915,0.039273624582159244,0.25700053765223246,6.439409811502835,0.0015424175878203828,7.251327328221395,2.330259397518742e-08
image-84.bmp,199.92589206542695,0.9811909736215605,0.0372841779378471,0.20012149932582862,9.333502635828218,0.0013901099245010443,7.327718774863559,2.0978563467995357e-08
image-85.bmp,138.94403282775374,0.9869223591737679,0.032075733921126594,0.23355881092269132,7.599453576197762,0.001028852706578911,7.38597001151089,1.546621578241594e-08
image-86.bmp,173.233082977269,0.9837931533746939,0.03569523248886313,0.19657060256137063,9.06114782858969,0.0012741496224339902,7.029180994192179,1.920914967913041e-08
image-87.bmp,374.24738480552435,0.9652028050007369,0.02475462450565449,0.1579876599420103,12.306424818052724,0.0006127914344159498,8.068292990860305,9.117624593405915e-09
image-88.bmp,424.53122890332196,0.9607633558637572,0.024077036476874356,0.1701332500299347,12.738158877693763,0.0005797036855087383,7.960956751098279,8.612745612277806e-09
image-89.bmp,162.75144489097977,0.9847075991491351,0.03249380485284122,0.2161582206312888,8.363543247264179,0.001055847353814528,7.391608012382779,1.5878121410400817e-08
image-9.bmp,133.9467861095768,0.9873390404731114,0.033163200109792054,0.2008310250263605,7.690187015768411,0.0010997978415221116,7.600345003990498,1.6548752631524838e-08
image-90.bmp,93.71645853041201,0.9912827296094631,0.02550939967757295,0.2587455691994627,5.801643080712848,0.0006507294719101589,8.052840354539647,9.696513104975266e-09
image-91.bmp,220.96306031189755,0.9793272398262189,0.03040495541568004,0.16953416498690918,10.11579867393821,0.000924461313829491,7.573664997542062,1.3873329540511948e-08
image-92.bmp,118.04901942111242,0.9888955175380308,0.033995269154797746,0.21410772729867356,7.319367993786596,0.001155678324907143,7.262014563360388,1.7401421140207577e-08
image-93.bmp,126.35104449057937,0.9882015888024028,0.028824926309280085,0.2123935190916995,7.518715332668821,0.0008308763767354273,7.501848274456295,1.2445336725966298e-08
image-94.bmp,183.35855517250866,0.9828473967598116,0.030640235100877013,0.16902819321872933,9.372954349698535,0.0009388240070370158,7.387336357011449,1.409248684653497e-08
image-95.bmp,126.64122896681037,0.9881392972757267,0.027255455869333443,0.20727774964918827,7.5061869480474135,0.0007428598746451829,7.832065975618441,1.1102311486552168e-08
image-96.bmp,230.45598240947072,0.978443543349431,0.031006579381643765,0.17648665443874265,9.876531923043549,0.0009614079649501762,7.6070832788269875,1.4437090696528268e-08
image-97.bmp,331.63617317105695,0.9689392771955648,0.03486527755278418,0.18184220567749645,11.478565246007106,0.0012155875788326766,7.3985458666601005,1.8315563808749033e-08
image-98.bmp,107.8316075060261,0.9898725561311205,0.03518934143470931,0.23938709020775611,6.787726415633392,0.0012382897506085495,7.337724705646312,1.866197145913772e-08
image-99.bmp,72.91014481712156,0.99313121069794,0.03603676665395385,0.2761791297641215,5.458502900363366,0.0012986485508715202,7.332514848858695,1.9582973660415947e-08
